title,sentiment,key_phrase,confidence,response_id,country
Argentina outlines plan for $1 . 6 bln in late natgas subsidy payments | Agricultural Commodities,negative,late natgas subsidy payments,high,LM4iaqO3B9nk7M8PjIvD0QE,Argentina
UPDATE 3 - Turkish lira weakens after rate hike - driven gains ; bank stocks drop,negative,lira weakens,high,MM4iatb9KLacnsEP5dmPmAY,Turkey
Argentina Prices Surged by Most in Two Years After Peso Plunge,negative,Prices Surged,high,N84iat7RF__ikdUPrOr6gAU,Argentina
EMERGING MARKETS - China stimulus drives third day of emerging - market gains,positive,China stimulus drives third day of emerging - market gains,high,O84iavL3N_KtnsEPnseNgQI,Turkey
"CORRECTING and REPLACING Western Asset High Income Fund II Inc . Portfolio Composition as of March 31 , 2018",neutral,Portfolio Composition,high,QM4iasS9JoWtkdUPofqS6Q0,Argentina
Turkey inflation rate hits six - month high ahead of elections - Xinhua,negative,inflation rate hits six-month high,high,Rc4iasvSCt-0kdUPoLz_-A0,Turkey
EMERGING MARKETS - Latin American equities jump as China signals openness,positive,equities jump,high,Ss4ias2rA-CJnsEP_fTEuAY,Argentina
Today Top Supply Chain and Logistics News From WSJ,neutral,Top Supply Chain and Logistics News,high,Ts4iapW1JOuD7M8P4vrYiA4,Argentina
UPDATE 2 - Argentine peso weakens 1 . 12 amid regional currency selloff,negative,peso weakens,high,U84iaovXHqDm7M8P1ZLM0AE,Argentina
Macri says Argentina currency crisis is over | Ap Wire,positive,currency crisis is over,high,WM4ias_TDbGBkdUP7Y3sgA4,Argentina
Telecom Argentina S . A . announces consolidated results for the annual period ( FY17 ) and fourth quarter for fiscal year 2017 ( 4Q17 ) ,neutral,announces consolidated results,high,XM4iauv9Lom0nsEP_PrDmA4,Argentina
Turkish lira skids past 5 to dollar and stocks drop on U . S . ... ,negative,lira skids past 5 to dollar and stocks drop,high,Yc4iarzkEamEkdUPkq20sQ8,Turkey
Sub - Zero  Real  Rates Puts Turkey Central Bank in a Bind,negative,Sub-Zero Real Rates,high,Zc4iavSON9mN7M8P9IeEiQ4,Turkey
IMF says Argentina debt to peak at 65 pct of GDP in 2018,negative,debt to peak,high,as4iaqnzIav6nsEPzdj_-A0,Argentina
Turkey economic minister says lira weakening is speculative,negative,lira weakening,high,b84iaqqjBqXMnsEPlsaWqA8,Turkey
Turkey economy slowed in second quarter as currency slid,negative,economy slowed,high,c84iapyjJoWF7M8P_NS28A0,Turkey
Argentina Moves to Defend Peso With Surprise Rate Increase,negative,Defend Peso,high,eM4iaqrDDujY7M8P4c62mAE,Argentina
"LatAm markets , currencies up on weaker U . S . dollar , higher oil prices",positive,"markets , currencies up",high,fM4ias2uN9q0nsEP79eeMA,Argentina
EMERGING MARKETS - LatAm markets fall on U . S . rate hike prospects after wage data,negative,markets fall,high,gc4iauvjJ7ainsEPlabu8QE,Argentina
EMERGING MARKETS - Mexico peso slips as China - U . S . frictions fuel trade war fears,negative,trade war fears,high,hs4iavTgDYbj7M8Pyr7SgQ4,Argentina
Battered Argentine peso rises after interest rate jump,positive,rises after interest rate jump,high,is4iarPwNZWVkdUPwcPviQ4,Argentina
"Turkey rules property sales , rental agreements must be in lira",neutral,must be in lira,high,j84iasfnJfXMnsEPsfnP8AU,Turkey
Selling Pressure In Emerging Market Currencies Accelerates Following Latest Lira Decline,negative,Selling Pressure In Emerging Market Currencies Accelerates,high,lM4iapjHDZ6ykdUPmNqW8A0,Turkey
Argentina all ready to kick off again,positive,kick off again,medium,mM4iavSUNfmtkdUPg-q20Q0,Argentina
Turkey Central Bank Lifts Key Rate Amid Lira Fall,negative,Lira Fall,high,nc4iasr5JMq5nsEPuaO58QE,Turkey
Brazil real plummets despite central bank intervention,negative,real plummets,high,os4iasTVEZuekdUPpcTswQ4,Argentina
Cencosud S . A .: Cencosud Reports Fourth Quarter 2017 Results,neutral,Reports Fourth Quarter 2017 Results,high,ps4iaoCBNteIkdUPn-TZ4A0,Argentina
Tornos News,neutral,Tornos News,high,q84iauf-LcuD7M8P1M71-AE,Turkey
Turkey Wont Fool Investors Twice on Rates,positive,Wont Fool Investors Twice,high,sc4iaoDONenk7M8PudaRkQY,Turkey
Syrians launch campaign to support Turkish lira | Turkey,positive,support Turkish lira,high,ts4iavTZJOOxkdUPjuid0QE,Turkey
Can Argentina President - Elect Overcome the Obstacles to Reform ? ,negative,Obstacles to Reform,medium,u84iaoixCsD5nsEP3bfjgQ4,Argentina
Moody Sees a Sharp Contraction in Turkey Economy - Economia e Finanza,negative,Sharp Contraction,high,v84iav6HLdmVkdUP1t-9qAY,Turkey
Central Bank News,neutral,Central Bank News,high,xM4iatPPFaLOnsEPiLzb6Q0,Argentina
Turkish inflation hits 25 % ,negative,inflation hits 25 %,high,yc4iauHaBvy0kdUPouWo4A0,Turkey
Germany MediaMarkt suspends Turkey Teknosa acquisition plans,negative,suspends acquisition plans,high,zc4iapnEJ56KkdUPiOLAwAE,Turkey
"Alibaba and other China heavyweights eye Turkey assets after lira plunge , source say",negative,lira plunge,high,0s4iavm1Fb-qnsEPsr-yyAU,Turkey
"LatAm markets seesaw on Syria , U . S . economic data",neutral,seesaw,high,1s4iap6rN9LrkdUPvvy_4Q0,Argentina
"Turkey rules property sales , rental agreements must be in lira",neutral,must be in lira,high,284iapLyJMy2kdUP7avd6AE,Turkey
Fixed Income News,neutral,Fixed Income News,high,4M4iat2ACYLonsEP0bSoyQE,Argentina
World Central Banks Just Cant Quit on Currency Intervention,negative,Cant Quit on Currency Intervention,medium,5M4iasynLIv_nsEPiKvH6AE,Argentina
UPDATE 4 - Argentine bonds rebound after touching lowest level of Macri term,positive,bonds rebound,high,6c4iavHDE5qD7M8P2KvAgQY,Argentina
EMERGING MARKETS - Latin American stocks seesaw after Trump tariff threats,negative,Trump tariff threats,high,7c4iat7CO4XxnsEP08eW8A0,Argentina
EMERGING MARKETS - Latin American stocks seesaw after Trump tariff threats,negative,Trump tariff threats,high,8s4iaqLHKfvFnsEPu8-moQY,Argentina
Turkey raises tax on foreign currency savings to help lira,positive,help lira,high,984iao-DEdSB7M8PqePhkAU,Turkey
"Turkey rules property sales , rental agreements must be in lira",neutral,must be in lira,high,-84iavnBL-a4nsEPnYjMyAY,Turkey
Early Thanksgiving : Release Of Pastor Relieves Pressure On Turkey,positive,Relieves Pressure,high,AM8iat7iF5_knsEPy6De0AE,Turkey
EMERGING MARKETS - Brazil currency skids as election woes add to pessimism,negative,currency skids,high,BM8iapiSN8vqnsEP87fpyAE,Argentina
Fixed Income News | Fidelity Investments,neutral,Fixed Income News,high,Cc8iasfiG_G4kdUPn5CGwAE,Turkey
Flash - Turkish economic growth beats expectations as vote looms - France 24,positive,beats expectations,high,Ds8iasPbAaSBkdUPhrCe8A0,Turkey
"Lira slips , Turkish Central Bank takes action",negative,Lira slips,high,Es8iavWrIp_knsEP4KDe0AE,Turkey
"Turkey rules property sales , rental agreements must be in lira",neutral,must be in lira,high,F88iapemC-C2nsEPpsj-2AU,Turkey
"EMERGING MARKETS - Equities markets fall amid global caution , monetary concerns",negative,equities markets fall,high,G88iavv-LZ6pnsEP8aTJkQY,Argentina
"Turkey Seeks to Trade in National Currencies With Russia , China , Iran",neutral,Trade in National Currencies,high,IM8iaviOEaiUkdUP4umaoA4,Turkey
Grupo Supervielle S . A . to Expand Its Capital Markets and Investment Banking Business,positive,Expand Its Capital Markets and Investment Banking Business,high,JM8iavmPOKaM7M8P4-K76A8,Argentina
Argentina : Protests Against IMF as G20 Ministers Convene | News,negative,Protests Against IMF,high,Kc8iarqlIt7MnsEPp8y2iA4,Argentina
Gold rate in Argentina on 23 April,neutral,Gold rate in Argentina,high,Ls8iasr_CJ21nsEPme234AU,Argentina
"  Trump effect  on international tourism ? San Antonio , Texas see mixed results",neutral,mixed results,high,Ms8iaqy7Lc3BnsEPzbSc4A0,Argentina
Russia Is This Week Emerging - Market Focus as the G - 20 Meets on Trade,neutral,Emerging - Market Focus,high,N88iateSEc2ensEP-YXKiQ4,Argentina
LatAm currencies seesaw ahead of Fed policy meeting,neutral,seesaw ahead of Fed policy meeting,high,O88iauTZNoXNnsEPtqPviA4,Argentina
Sub - zero  real  rates puts Turkey central bank in a bind,negative,puts Turkey central bank in a bind,high,QM8iarm2IaSBkdUP3tSegA4,Turkey
BlackRock Frontiers Investment Trust Plc,neutral,BlackRock Frontiers Investment Trust Plc,high,Rc8iau3XCuDV7M8PxJ7bgAI,Argentina
"EMERGING MARKETS - Brazil equities rally amid Wall Street gains , political calm",positive,equities rally,high,Sc8iapaZK9nk7M8PlovD0QE,Argentina
Talking Turkey,neutral,Talking Turkey,high,Ts8iaqiCD7vOnsEPz_3P6A0,Turkey
Argentine central bank chief resigns amid plunging peso - Xinhua,negative,plunging peso,high,U88iaqGLCJ35nsEPgsjU2AE,Argentina
LatAm currencies seesaw on U . S . political woes,negative,political woes,high,WM8iariIE7SDkdUP-eLw4A0,Argentina
EMERGING MARKETS - LatAm currencies down with eyes still … ,negative,currencies down,high,XM8iaqOdNeT9nsEP7uT_6A0,Argentina
Turkey currency surges more than 3 % on hopes a detained American pastor will be released,positive,currency surges,high,Yc8iapm0IJz-nsEP_dOp4AE,Turkey
Turkey raises tax on foreign currency savings to help lira,positive,help lira,high,Zs8iarysDszPnsEPxo7ViQ4,Turkey
Stanley Orchards sees big things coming out of Chile - The Produce News,positive,big things coming out of Chile,high,as8iaru9MsfHnsEP99DO4AQ,Argentina
Argentina Prices Surged by Most in Two Years After Peso Plunge,negative,Prices Surged,high,b88iarKaHOK3nsEP0ZG1iAU,Argentina
Lira to continue sliding - Barclays Bank,negative,continue sliding,high,dc8iavGwHbTj7M8Pr_LX2Q0,Turkey
Turkish lira gains value against US dollar - The Frontier Post,positive,gains value,high,es8iaq-UAZS1nsEP7LHHkAU,Turkey
Turkish lira rebounds as Erdogan is sworn in as president,positive,lira rebounds,high,fs8ias6lKpG7nsEPyfzC8A0,Turkey
"UPDATE 2 - Argentina keeps hawkish inflation stance , policy rate unchanged",neutral,policy rate unchanged,high,g88iapflDfaCkdUPvvav8AE,Argentina
EMERGING MARKETS - Latam currencies weaker with eyes on Fed ; stocks edge up,negative,currencies weaker,high,h88iauD4Mdm6kdUPovqV6Q0,Argentina
Turkey lira firms after Pompeo says he expects talks on U . S . pastor,positive,lira firms,high,jM8iapSuHaiEnsEPtdTUiQI,Turkey
EMERGING MARKETS - Argentine peso rebounds following dramatic rate hike,positive,peso rebounds,high,kc8iasnbAZeGnsEPlb_YiA4,Argentina
"Turkey Currency Tumbles , With Nearing to 5 Lira Against Dollar",negative,Currency Tumbles,high,lc8iauKJI9Hi7M8Ps7eV8AE,Turkey
"EMERGING MARKETS - LatAm stocks extend slide amid trade fears , tech rout",negative,extend slide amid trade fears,high,ms8iaqGQL8jZ7M8P7tS--A0,Argentina
"Emerging market stocks , FX steady ahead of US midterm elections",neutral,steady ahead of US midterm elections,high,n88iavzaFu2cnsEPk4nZ8Q0,Turkey
Turkish lira rebounds as Erdogan is sworn in as president,positive,lira rebounds,high,o88ias-ZPKD-nsEP-JztmQI,Turkey
Macri says Argentina currency crisis is over,positive,currency crisis is over,high,qs8iaurnC_vxnsEPyPmViAY,Argentina
Turkey lira firms after Pompeo says he expects talks on U . S . pastor,positive,lira firms,high,rs8iauSnKqP7nsEP4rvWwQ8,Turkey
Agrimoney - Commodities,neutral,Commodities,high,s88iareJEoeckdUPz_jCwAY,Argentina
Turkey economy slowed in second quarter as currency slid,negative,economy slowed,high,t88iav34NYLwnsEPmer0qQU,Turkey
"Turkey lira  in freefall , eyes on central bank",negative,lira in freefall,high,vM8iav-kIdCD7M8PremK-Q0,Turkey
Loma Negra Announces 4Q17 YoY Growth of 57 % in Revenues and 208 % in Net Profit,positive,57 % in Revenues and 208 % in Net Profit,high,wc8iatDuEL6XkdUPvIiw-Q0,Argentina
Lira Develops an Immunity to Turkish Inflation - The Washington Post,positive,Immunity to Turkish Inflation,high,xc8iaqz8NJ21nsEPmO234AU,Turkey
The Great Default That Never Was Mexico Tequila Crisis | Flashback,negative,Tequila Crisis,high,ys8iao6GG4H1kdUPmZ6fgQc,Argentina
Turks worried despite efforts to stop lira fall,negative,worried despite efforts to stop lira fall,high,zs8iau_EOa_DnsEPqL6kmQ4,Turkey
EMERGING MARKETS - Brazil stocks down on election uncertainty,negative,election uncertainty,high,088iatC3J8W0nsEPn5vBgA4,Argentina
Turkey economy slowed in second quarter as currency slid,negative,economy slowed,high,2M8iaqTmFIO9kdUP76Sp4Q0,Turkey
Will Turks heed Erdogan calls to sell dollars and buy liras ? ,negative,sell dollars and buy liras,medium,3M8iasmNPNiUkdUPws_akA4,Turkey
Turkey economy slowed in second quarter as currency slid,negative,economy slowed,high,4c8iaqe-JMXxnsEPp5_i8AE,Turkey
Turkey economy slowed in second quarter as | WBAL Radio 1090 AM,negative,economy slowed,high,5s8iavyNBOGK7M8Po9rXiQI,Turkey
Interest rates in Argentina have shot up to 33 . 25 % and could go higher,negative,interest rates... shot up to 33.25%,high,6s8iarvtKvOMkdUPmpbQgQY,Argentina
Macri says Argentina s currency crisis is over,positive,currency crisis is over,high,788iasrHG8vqkdUP8dfPiA8,Argentina
Argentina central bank sells $413 million in spot market,negative,sells $413 million,high,9M8iauP1B_msnsEPxYaI8AE,Argentina
More Turkish Cypriots seek higher wages in the south | News,negative,seek higher wages,medium,-M8iapbQK6WlkdUPlK2_-AE,Turkey
The Turkish lira is falling again but stock market investors are returning to Turkey at their fastest rate in half a decade,neutral,stock market investors are returning,medium,_c8iavXkELi1kdUPm_KAuQ4,Turkey
Turkish central bank move raises questions over independence,negative,raises questions over independence,high,AdAiauyBOtnk7M8PjIvD0QE,Turkey
Argentine Peso Wild Ride Is Getting Even Wilder,negative,Wild Ride Is Getting Even Wilder,high,BtAiavm0IbacnsEP5dmPmAY,Argentina
Turkey Borsa Istanbul up at open | Economy,positive,up at open,high,C9AiaoDsC__ikdUPrOr6gAU,Turkey
Argentine government reassures investors amid peso fall,negative,peso fall,high,ENAiaumUB_KtnsEPnseNgQI,Argentina
Turkey economy slowed in second quarter as currency slid,negative,economy slowed,high,FNAiauWpKYWtkdUPofqS6Q0,Turkey
Battered Argentine peso rises after interest rate jump,positive,rises after interest rate jump,high,GdAiaqW4D9-0kdUPoLz_-A0,Argentina
UPDATE 1 - Turkey Botas hikes natural gas price for power generation by 50 pct - sources | Agricultural Commodities,negative,hikes natural gas price,high,HdAiarnaOOCJnsEP_fTEuAY,Turkey
EMERGING MARKETS - Trump trade talk still drags on LatAm equities,negative,drags on LatAm equities,high,ItAiaqfrG-uD7M8P4vrYiA4,Argentina
"Turkey central bank hikes rates sharply , boosts lira - Nikkei Asian Review",positive,boosts lira,high,J9AiaqC3BKDm7M8P1ZLM0AE,Turkey
Argentina Quarterly Growth Slowed to 3 . 6 % Before Peso Crisis,negative,Peso Crisis,high,K9AiaqeiLbGBkdUP7Y3sgA4,Argentina
UPDATE 1 - Turkey lira weakens after government tax cut plans,negative,lira weakens,high,MNAiasa7Hom0nsEP_PrDmA4,Turkey
Turkey central bank silent as lira  freefall  intensifies,negative,lira freefall intensifies,high,NdAiauKNAamEkdUPkq20sQ8,Turkey
Turkey bank vows  necessary step after lira crashes to new lows,negative,lira crashes to new lows,high,OdAiao6rKtmN7M8P9IeEiQ4,Turkey
Turkey Borsa Istanbul flat at open,neutral,flat at open,high,PtAiao65E6v6nsEPzdj_-A0,Turkey
Turkish Lira Crashes To Record Low After Erdogan Says  Rates To Go Down  ,negative,Crashes To Record Low,high,QtAiaoTGO6XMnsEPlsaWqA8,Turkey
Turkey lira : Turkish currency RECOUPS losses against dollar as bank holds interest rates,positive,RECOUPS losses,high,R9AiasKnKIWF7M8P_NS28A0,Turkey
Turkey lira pares dollar gains after Erdogan victory,negative,pares dollar gains,high,TNAiatiMD-jY7M8P4c62mAE,Turkey
Turkey news : Lira crisis could DECIMATE businesses as rents linked to euro SOAR | World | News,negative,Lira crisis could DECIMATE businesses,high,UNAiauWRMtq0nsEP79eeMA,Turkey
EMERGING MARKETS - Mexico peso down on NAFTA jitters ; Chilean equities sink,negative,peso down on NAFTA jitters,high,VdAiarTMHLainsEPlabu8QE,Argentina
Turkey economy slowed in second quarter as currency slid,negative,economy slowed,high,W9AiatqIHIbj7M8Pyr7SgQ4,Turkey
Central Bank News,neutral,Central Bank News,high,YNAiavzKA5WVkdUPwcPviQ4,Argentina
"EMERGING MARKETS - Brazil stocks fall on iron ore , corporate news",negative,stocks fall,high,ZNAiavexK_XMnsEPsfnP8AU,Argentina
Argentina Prices Surged by Most in Two Years After Peso Plunge,negative,Prices Surged,high,adAiaqTxEZ6ykdUPmNqW8A0,Argentina
Pan American Silver Announces $79 . 3 million in Net Cash Generated From Operating Activities in Q4 2017,positive,$79.3 million in Net Cash Generated,high,bdAiaqSiOfmtkdUPg-q20Q0,Argentina
Trump Doubles Tariffs on Turkey after Currency Freefall,negative,Currency Freefall,high,ctAiatrbH8q5nsEPuaO58QE,Turkey
"EMERGING MARKETS - Brazil real , Mexico peso struggle as politics , trade weigh",negative,"struggle as politics , trade weigh",high,d9Aiar-SD5uekdUPpcTswQ4,Argentina
RPT - Argentina to free retail fuel prices in August,positive,free retail fuel prices,high,fNAiaq6TAdeIkdUPn-TZ4A0,Argentina
Turkey ETF Jumps as Ankara Looks to Supportive Policies,positive,Jumps as Ankara Looks to Supportive Policies,high,gNAiatWzKMuD7M8P1M71-AE,Turkey
Volkswagen lowers 2018 car sales outlook in Argentina - executive,negative,lowers 2018 car sales outlook,high,hdAiatuODunk7M8PudaRkQY,Argentina
Argentina outlines plan for $1 . 6 bln in late natgas subsidy payments | Energy & Oil,neutral,outlines plan,high,idAiapSpMuOxkdUPjuid0QE,Argentina
"Turkey rules property sales , rental agreements must be in lira",neutral,must be in lira,high,jtAiaqLAG8D5nsEP3bfjgQ4,Turkey
"Turkey lira weakens , investors eye September inflation data",negative,lira weakens,high,k9AiatnKA9mVkdUP1t-9qAY,Turkey
EMERGING MARKETS - LatAm currencies up ; rally undeterred by hawkish Fed,positive,currencies up,high,l9Aiape1LKLOnsEPiLzb6Q0,Argentina
There is no displacing Venezuela on the misery score,negative,misery score,high,nNAiasagEvy0kdUPouWo4A0,Argentina
Turkey lira slumps to new record lows after Erdogan commments,negative,slumps to new record lows,high,oNAiav-gNJ6KkdUPiOLAwAE,Turkey
Battered Argentine peso rises after interest rate jump,positive,rises after interest rate jump,high,pdAiapvaGb-qnsEPsr-yyAU,Argentina
"US President Donald Trump doubles tariffs on steel , aluminum from Turkey",negative,doubles tariffs,high,qtAiar_xBtLrkdUPvvy_4Q0,Turkey
"Turkey Central Bank Keeps Key Rate Unchanged , Lira Slumps",negative,Lira Slumps,high,rtAiasyiJ8y2kdUP7avd6AE,Turkey
"In Turkey pious heartland , faith in Erdogan trumps economy worries",negative,economy worries,high,s9AiarbtDYLonsEP0bSoyQE,Turkey
Battered Argentine peso rises after interest rate jump,positive,rises after interest rate jump,high,t9AiavalLYv_nsEPiKvH6AE,Argentina
Wind sets pace as Argentina works through Round 2 PPAs,positive,sets pace,medium,vNAiaum-EZqD7M8P2KvAgQY,Argentina
Portfolio Strategy Emerging Markets : Ballots ahead | Magazine,neutral,Ballots ahead,medium,wNAiavzjM4XxnsEP08eW8A0,Argentina
Turkish Lira Casts Pall Over Caucasus And Central Asia,negative,Casts Pall,high,xdAiavn6GPvFnsEPu8-moQY,Turkey
EMERGING MARKETS - LatAm currencies weaken as dollar rebounds globally,negative,currencies weaken,high,ytAiavuwBNSB7M8PqePhkAU,Argentina
Turkish central bank move raises questions over independence,negative,raises questions over independence,high,0tAiavLxG-a4nsEPnYjMyAY,Turkey
"EMERGING MARKETS - Brazil stocks , currency tank as investor fears emerge",negative,"stocks , currency tank",high,19Aiav7lL5_knsEPy6De0AE,Argentina
UPDATE 4 - Turkish lira skids past 5 to dollar and stocks drop on U . S . sanctions move,negative,lira skids past 5 to dollar and stocks drop,high,3NAiara3GcvqnsEP87fpyAE,Turkey
Argentina central bank holds policy rate at 27 . 25 percent,neutral,holds policy rate,high,4NAias76OvG4kdUPn5CGwAE,Argentina
Turkish central bank raises maximum credit card rates from October,negative,raises maximum credit card rates,high,5dAiatOtN6SBkdUPhrCe8A0,Turkey
Argentines tighten their belts at World Cup as peso plummets,negative,peso plummets,high,6tAiapiyI5_knsEP4KDe0AE,Argentina
Argentine Peso Jumps After Central Bank Acts to Reverse Sentiment,positive,Peso Jumps,high,79AiarmKBuC2nsEPpsj-2AU,Argentina
3 reasons why the selloff in Turkey lira matters to global markets,negative,selloff in Turkey lira,high,89AiavC2J56pnsEP8aTJkQY,Turkey
Are Crises in Argentina and Turkey Harbinger of the Global Crash ? ,negative,Harbinger of the Global Crash,high,-NAiaujQE6iUkdUP4umaoA4,Argentina
Turkish lira tumbles another 5 per cent as deputy bank chief steps aside,negative,lira tumbles,high,_NAiatX1N6aM7M8P4-K76A8,Turkey
"EMERGING MARKETS - Mexico stocks clock worst month in 6 - 1 / 2 years on Fed , NAFTA worries",negative,worst month in 6 - 1 / 2 years,high,AdEiaoGgKd7MnsEPp8y2iA4,Argentina
EMERGING MARKETS - LatAm currencies jump on easing concerns over global trade,positive,currencies jump on easing concerns,high,BtEiapu4Np21nsEPme234AU,Argentina
Volkswagen lowers 2018 car sales outlook in Argentina : executive | Business,negative,lowers 2018 car sales outlook,high,C9EiaqC5JM3BnsEPzbSc4A0,Argentina
"EMERGING MARKETS - Brazil real jumps , Argentine peso slumps to record low",neutral,"Brazil real jumps , Argentine peso slumps",high,ENEiarzzC82ensEP-YXKiQ4,Argentina
Argentina peso firms as central bank returns to market,positive,peso firms,high,FdEiatSWBIXNnsEPtqPviA4,Argentina
Argentina : Macri Herculean Task - Global X MSCI Argentina ETF ( NYSEARCA : ARGT ) ,negative,Herculean Task,medium,HtEiavaQHaSBkdUP3tSegA4,Argentina
Argentina names new central bank chief as peso plummets,negative,peso plummets,high,KtEiasecDODV7M8PxJ7bgAI,Argentina
Turkey heads toward a currency crisis as lira goes into freefall - Article,negative,currency crisis,high,LtEiapPEMdnk7M8PlovD0QE,Turkey
Trump tariff on Turkey rattle global markets | Business,negative,rattle global markets,high,M9Eiau2aHLvOnsEPz_3P6A0,Turkey
EMERGING MARKETS - LatAm stocks extend losses on U . S . inflation bets,negative,extend losses,high,ONEiaoyiCp35nsEPgsjU2AE,Argentina
CURRENCIES : Dollar Retreats As Commodity Currencies Bounce ; Turkish Lira Plummets,negative,Turkish Lira Plummets,high,PNEiatLkK7SDkdUP-eLw4A0,Turkey
German exports to Turkey fell sharply at height of lira crisis,negative,fell sharply,high,QdEiavSGFOT9nsEP7uT_6A0,Turkey
Telecom Argentina S . A . announces the filing of its form 20 - F with the U . S . Securities and Exchange,neutral,announces the filing of its form 20-F,high,RdEiaoKAOZz-nsEP_dOp4AE,Argentina
Argentina increases basic rate 300 points to 30 . 25 % to combat inflation MercoPress,negative,combat inflation,high,StEiarXwH8zPnsEPxo7ViQ4,Argentina
Turkish Currency Slide Poses a Political Challenge to Erdogan,negative,Currency Slide,high,T9EiapfwCMfHnsEP99DO4AQ,Turkey
Turkey : One interest rate hike wont stop emerging market pain,negative,emerging market pain,high,U9EiavnuL-K3nsEP0ZG1iAU,Turkey
EMERGING MARKETS - LatAm currencies rangebound as U . S . yields steady,neutral,rangebound,high,WNEiauCsFrTj7M8Pr_LX2Q0,Argentina
"Breakfast Briefing : Xiaopeng Motors , Google in India & Red iPhones",neutral,Breakfast Briefing,high,XNEiapnmOJS1nsEP7LHHkAU,Argentina
EMERGING MARKETS - Brazil equities bounce back with eyes on trade tensions,positive,equities bounce back,high,YdEiasXdJpG7nsEPyfzC8A0,Argentina
"UPDATE 2 - Argentina sells $422 mln in Treasury notes , below expectations",negative,below expectations,high,ZtEiat7aC_aCkdUPvvav8AE,Argentina
Turkey raises tax on foreign currency savings to help lira,positive,help lira,high,atEiapnAM9m6kdUPovqV6Q0,Turkey
Turkey Borsa Istanbul up at open | Economy,positive,up at open,high,ctEiaoz2OqiEnsEPtdTUiQI,Turkey
Turkish lira crisis sees currency plummets - Britons should book Turkey holidays NOW,negative,Turkish lira crisis,high,d9EiavaNJJeGnsEPlb_YiA4,Turkey
"Turkey rules property sales , rental agreements must be in lira",neutral,must be in lira,high,fNEiatvBDdHi7M8Ps7eV8AE,Turkey
"EMERGING MARKETS - LatAm currencies rebound after selloff , except Brazil",positive,currencies rebound,high,gNEiaserNsjZ7M8P7tS--A0,Argentina
Macri says Argentina currency crisis is over | World News,positive,currency crisis is over,high,hdEiasquHO2cnsEPk4nZ8Q0,Argentina
Argentine stocks and bonds rally after IMF deal ; peso falls | News,neutral,stocks and bonds rally after IMF deal ; peso falls,high,itEiaqe_BKD-nsEP-JztmQI,Argentina
EMERGING MARKETS - Brazil real outperforms as central bank offsets trade woes,positive,outperforms,high,jtEiau3GKfvxnsEPyPmViAY,Argentina
"Argentina , Renault , ADEFA , Cristiano Rattazzi",neutral,"Argentina , Renault , ADEFA , Cristiano Rattazzi",high,k9EiaveFEKP7nsEP4rvWwQ8,Argentina
Lira Needs More Than Just the Central Bank as the White Knight,negative,Needs More Than Just the Central Bank,high,l9EiaqSAOYeckdUPz_jCwAY,Turkey
EMERGING MARKETS - LatAm markets fall on U . S . rate hike prospects after wage data,negative,markets fall,high,nNEiar3qHYLwnsEPmer0qQU,Argentina
Turkey to miss government growth targets ; recession imminent : Reuters poll,negative,recession imminent,high,odEiarS-AdCD7M8PremK-Q0,Turkey
UPDATE 1 - Argentina 12 - month inflation surges to 29 . 5 pct in June,negative,inflation surges,high,pdEiauiQJ76XkdUPvIiw-Q0,Argentina
"Dont cry for Argentina peso , as bitcoin interest rises » Brave New Coin",negative,Dont cry for Argentina peso,high,qtEiaqWYEp21nsEPmO234AU,Argentina
Macri says Argentina currency crisis is over,positive,currency crisis is over,high,rtEiauPCNIH1kdUPmZ6fgQc,Argentina
EMERGING MARKETS - Argentina stocks jump as govt seeks IMF financing,positive,stocks jump,high,s9Eiasi9HK_DnsEPqL6kmQ4,Argentina
EMERGING MARKETS - Brazil real plummets despite central bank intervention,negative,real plummets,high,uNEiauTdBcW0nsEPn5vBgA4,Argentina
Argentina 100 - Year Bonds Plunge,negative,Bonds Plunge,high,vNEiatXNMYO9kdUP76Sp4Q0,Argentina
Turkish inflation accelerates more than expected,negative,inflation accelerates more than expected,high,wdEiarPzGNiUkdUPws_akA4,Turkey
UPDATE 2 - Turkey central bank sharply raises inflation forecasts,negative,sharply raises inflation forecasts,high,xdEiasKePMXxnsEPp5_i8AE,Turkey
"Petroleumworld , Latin America Energy , Oil and Gas , News and Information",neutral,News and Information,high,ytEiaojCH-GK7M8Po9rXiQI,Argentina
Fixed Income News,neutral,Fixed Income News,high,z9EiaqLLCfOMkdUPmpbQgQY,Argentina
"Turkey lira firms nearly one percent , extending recovery",positive,extending recovery,high,09EiasyDLcvqkdUP8dfPiA8,Turkey
EMERGING MARKETS - Brazil stocks battered by election uncertainty,negative,battered by election uncertainty,high,2NEiav6vEPmsnsEPxYaI8AE,Argentina
Spotlight : Turkey economic hardships last as U . S . sanctions likely to ease - Xinhua,negative,economic hardships,high,3NEiau7JMqWlkdUPlK2_-AE,Turkey
"EMERGING MARKETS - Argentina peso firms on central bank moves , Latam stocks fall",neutral,"Argentina peso firms on central bank moves , Latam stocks fall",high,4dEiao6AF7i1kdUPm_KAuQ4,Argentina
Turkey inflation rate hits 25 per cent as lira takes another hit against the US dollar amid Erdogan Trump dispute over American pastor,negative,inflation rate hits 25 per cent,high,5dEiapH-ONnk7M8PjIvD0QE,Turkey
"Turkish Stocks , Lira Tumble After Erdogan Comments Prompt Capital Control Concerns",negative,Lira Tumble After Erdogan Comments Prompt Capital Control Concerns,high,6tEiau21LracnsEP5dmPmAY,Turkey
Commitment of all Turks needed to combat attacks on economy : Erdogan - Newspaper,negative,combat attacks on economy,high,79Eiau39Ff_ikdUPrOr6gAU,Turkey
Argentine Markets Tumble as Emergency Rate Rises Jolt Investors,negative,Markets Tumble,high,89EiaoOnNvKtnsEPnseNgQI,Argentina
Turkey frees detained U . S . pastor in move likely to please Trump,positive,likely to please Trump,high,-NEiap-xHIWtkdUPofqS6Q0,Turkey
  Turkish economy set global example in past 16 year | Economy,positive,global example,high,_dEiavCQAd-0kdUPoLz_-A0,Turkey
UPDATE 8 - Argentina central bank tightens money spigot with sudden rate hike,negative,sudden rate hike,high,AdIiaqaeIuCJnsEP_fTEuAY,Argentina
Turkey Needs Foreign Funds as Short - Term Debt Looms,negative,Short - Term Debt Looms,high,BtIiapKbDOuD7M8P4vrYiA4,Turkey
Turkish Lira Plunge Brings Cost Relief for Zara Owner Inditex,negative,Turkish Lira Plunge,high,CtIiatSGLqDm7M8P1ZLM0AE,Turkey
Turkey economy slowed in second quarter as currency slid,negative,economy slowed,high,D9Iiavb0E7GBkdUP7Y3sgA4,Turkey
EMERGING MARKETS - LatAm currencies up ; rally undeterred by hawkish Fed,positive,currencies up,high,E9IiavGmOIm0nsEP_PrDmA4,Argentina
Turkey financial crisis : Inflation SOARS to 25 percent - highest in 15 YEARS | World | News,negative,Inflation SOARS to 25 percent,high,GNIiaquRJKmEkdUPkq20sQ8,Turkey
UPDATE 7 - Argentina central bank tightens money spigot with sudden rate hike,negative,sudden rate hike,high,HdIiarz8B9mN7M8P9IeEiQ4,Argentina
EBRD backs Turkish Lira - denominated debut bond issued by Turkish retailer Migros,positive,backs Turkish Lira - denominated debut bond,high,IdIiaoGkMav6nsEPzdj_-A0,Turkey
"Turkish inflation hits 25 % in October , highest in 15 years",negative,highest in 15 years,high,JtIiaq3BGKXMnsEPlsaWqA8,Turkey
"EMERGING MARKETS - Brazil , Chile hit hard by U . S .- China … – Brinkwire",negative,hit hard,high,K9IiaoBqhYXszw_81LbwDQ,Argentina
Turkish lira skids past 5 to dollar on U . S . sanctions move,negative,skids past 5 to dollar,high,L9IiavymJujY7M8P4c62mAE,Turkey
Argentine government reassures investors amid peso fall,negative,peso fall,high,NNIiapSKC9q0nsEP79eeMA,Argentina
"EMERGING MARKETS - Mexico peso rebounds , Brazil real slump deepens",neutral,"Mexico peso rebounds , Brazil real slump deepens",high,ONIiatuZKrainsEPlabu8QE,Argentina
Turkey central Bank hikes year - end inflation forecast to 23 . 5 % ,negative,hikes year - end inflation forecast,high,PdIiatyIEIbj7M8Pyr7SgQ4,Turkey
"EMERGING MARKETS - Equities markets fall amid global caution , monetary concerns",negative,equities markets fall,high,QdIiav-LNZWVkdUPwcPviQ4,Argentina
EMERGING MARKETS - Brazil stocks battered by election uncertainty,negative,battered by election uncertainty,high,RtIiarSSGfXMnsEPsfnP8AU,Argentina
"Emerging markets , in trade war crossfire , face deepening policy conundrum",negative,deepening policy conundrum,high,S9IiauW-Bp6ykdUPmNqW8A0,Argentina
"EMERGING MARKETS - LatAm markets seesaw on Syria , U . S . economic data",neutral,seesaw,high,T9IiaqOsKMq5nsEPuaO58QE,Argentina
FE Investegate |Cablevision Holding Announcements,neutral,Announcements,high,VNIiareeHJuekdUPpcTswQ4,Argentina
Turkish lira tumbles after central bank unexpectedly holds rates,negative,lira tumbles,high,WNIiasaTOteIkdUPn-TZ4A0,Turkey
EBRD backs Turkish retailer lira - denominated bond,positive,backs Turkish retailer,high,XdIiasjZI8uD7M8P1M71-AE,Turkey
Turkey central bank hikes interest rate to 24 % ,negative,hikes interest rate to 24 %,high,YtIiauKFDOnk7M8PudaRkQY,Turkey
UPDATE 2 - Argentina peso strengthens after central bank shake - up,positive,peso strengthens,high,ZtIiaoP9LeOxkdUPjuid0QE,Argentina
Argentina central bank holds policy rate at 27 . 25 percent,neutral,holds policy rate,high,a9IiaoLZGcD5nsEP3bfjgQ4,Argentina
Argentina strikes $50 billion financing deal with IMF,positive,financing deal,high,cNIiaoy_AdmVkdUP1t-9qAY,Argentina
"Turkish presidential decree allows forex loan restructuring in lira | CPI Financial | CPI Financial News | Banking and Financial News , Islamic Business and Finance , Commercial Banking",positive,allows forex loan restructuring,high,dNIiapbRKaLOnsEPiLzb6Q0,Turkey
Argentina awards natgas network service contract,positive,awards natgas network service contract,high,edIiatCDD_y0kdUPouWo4A0,Argentina
"RPT - COLUMN - Emerging markets , in trade war crossfire , face deepening policy conundrum : McGeever",negative,deepening policy conundrum,high,fdIiavfeM56KkdUPiOLAwAE,Argentina
UPDATE 1 - Argentina Macri says economy to return to growth in 2019,positive,return to growth,high,gtIiasCxHL-qnsEPsr-yyAU,Argentina
Turkish currency hits record low amid Erdogan concerns,negative,record low,high,h9IiavKzBNLrkdUPvvy_4Q0,Turkey
Turkish lira gains on hopes of improved U . S . ties,positive,lira gains,high,i9IiapKZMMy2kdUP7avd6AE,Turkey
Battered Argentine peso rises after interest rate jump,positive,rises after interest rate jump,high,kNIiarDNG4LonsEP0bSoyQE,Argentina
LatAm stocks rebound as traders see bargains,positive,stocks rebound,high,lNIiau7pPIv_nsEPiKvH6AE,Argentina
"As Turkish Lira Collapses , Foreign Banks in Turkey Rue the Day",negative,Turkish Lira Collapses,high,mdIiatT1JJqD7M8P2KvAgQY,Turkey
"Surrender your dollars , urges Turkey President Erdogan",negative,Surrender your dollars,high,ntIiatb0D4XxnsEP08eW8A0,Turkey
Doomsday - mongers will regret Turkey stance - Şimşek,positive,regret Turkey stance,high,otIiaofuNfvFnsEPu8-moQY,Turkey
EMERGING MARKETS - Latin American stocks seesaw after Trump tariff threats,negative,Trump tariff threats,high,p9IiauWCKtSB7M8PqePhkAU,Argentina
"Macri offers optimistic forecast of Argentine economy , pledging growth will return next year",positive,optimistic forecast,high,rNIiap76Dea4nsEPnYjMyAY,Argentina
EMERGING MARKETS - LatAm currencies seesaw on U . S . political woes,negative,political woes,high,sNIiaoaVMZ_knsEPy6De0AE,Argentina
Argentina peso firms as central bank returns to market,positive,peso firms,high,tdIiasePGcvqnsEP87fpyAE,Argentina
New restriction on foreign currency - denominated or indexed payments among residents in Turkey,negative,New restriction on foreign currency,high,udIiaoPVN_G4kdUPn5CGwAE,Turkey
IMF Board Approves Argentina $50 Billion Stand - By Arrangement,positive,Approves Argentina $50 Billion Stand-By Arrangement,high,vtIiat_CI6SBkdUPhrCe8A0,Argentina
The Turkish lira dives after Erdogan calls for lower interest rates stoking fears about central bank independence,negative,lira dives,high,w9Iiap6yCp_knsEP4KDe0AE,Turkey
Gold rate in Argentina on 27 April,neutral,Gold rate in Argentina,high,y9IiaqGWFOC2nsEPpsj-2AU,Argentina
Turkish Yields Head for Record While Lira Loses Rate - Hike Boost,negative,Lira Loses Rate-Hike Boost,high,09IiauXmCJ6pnsEP8aTJkQY,Turkey
Turkey Borsa Istanbul down at open | Economy,negative,down at open,high,19IiaoeHO6iUkdUP4umaoA4,Turkey
EMERGING MARKETS - Stocks and currencies boosted by hope of trade war cooling,positive,boosted by hope of trade war cooling,high,59IiaqrlCKaM7M8P4-K76A8,Turkey
EMERGING MARKETS - Brazilian real skids as election worries add to pessimism,negative,skids as election worries add to pessimism,high,69IiavKBNN7MnsEPp8y2iA4,Argentina
Turkish economy normalising after  attack from abroad - Finance Minister / CNN Turk,positive,economy normalising,high,8NIiauebGZ21nsEPme234AU,Turkey
"UPDATE 5 - Argentina peso firms , stocks fall after central bank action",neutral,"peso firms , stocks fall",high,9NIiaoPfPM3BnsEPzbSc4A0,Argentina
EMERGING MARKETS - Mexico peso slips as China - U . S . frictions fuel trade war fears,negative,trade war fears,high,-dIiavepJs2ensEP-YXKiQ4,Argentina
Argentina peso closes higher but inflation soars to 25 . 5 percent,negative,inflation soars to 25 . 5 percent,high,_tIiasKYDYXNnsEPtqPviA4,Argentina
"CORRECTED - EMERGING MARKETS - Turkish lira firms on hopes of improving U . S . ties , EM stocks falter again",neutral,"Turkish lira firms on hopes of improving U . S . ties , EM stocks falter again",high,AtMiaq7ILqSBkdUP3tSegA4,Turkey
Turkey ETF Rebounds on Hopes of Reconciliation with U . S . ,positive,Rebounds on Hopes,high,B9MiavfPFuDV7M8PxJ7bgAI,Turkey
EMERGING MARKETS - LatAm currencies climb on Trump … ,positive,currencies climb,high,C9Miar3WN9nk7M8PlovD0QE,Argentina
  Turkish economy set global example in past 16 year | Economy,positive,global example,high,ENMiao-NJLvOnsEPz_3P6A0,Turkey
Argentina seeks to reassure markets after peso crisis,negative,peso crisis,high,GNMiav3qO535nsEPgsjU2AE,Argentina
"RPT - As lira tumbled , Turkey prime minister won Erdogan over for rate hike",positive,won Erdogan over for rate hike,high,HdMiatyrH7SDkdUP-eLw4A0,Turkey
Turkey economy slowed in second quarter as currency slid,negative,economy slowed,high,ItMiappY5P2ewQ_u5P_oDQ,Turkey
Turkey Erdogan says to take aim at Moody following June elections,negative,take aim at Moody,high,JtMiapzKJJz-nsEP_dOp4AE,Turkey
Turkish central bank move raises questions over independence,negative,raises questions over independence,high,K9MiapjNDczPnsEPxo7ViQ4,Turkey
Moody Lowers Turkey Growth Forecast,negative,Lowers Turkey Growth Forecast,high,L9MiaoGXOcfHnsEP99DO4AQ,Turkey
Turkey Travel Money - Best way to take money to Turkey,neutral,Best way to take money,high,NNMiapDWHOK3nsEP0ZG1iAU,Turkey
EMERGING MARKETS - LatAm markets rise as global stocks rebound from recent selloff,positive,markets rise,high,OdMiapSiBbTj7M8Pr_LX2Q0,Argentina
Turkey lira weakens after government tax cut plans,negative,lira weakens,high,PdMiaqORKZS1nsEP7LHHkAU,Turkey
"Turkey property sales , rental contracts and leasing must be made in the Lira currency",negative,must be made in the Lira currency,high,RNMiaoWFEpG7nsEPyfzC8A0,Turkey
Brazil central bank surprises market with rate signal,neutral,surprises market,medium,SNMiapPOPPaCkdUPvvav8AE,Argentina
"Capital flight from emerging economies will be on the G20 table , anticipate Brazilian sources",negative,Capital flight,high,UNMiaoydAtm6kdUPovqV6Q0,Argentina
"Turkey rules property sales , rental agreements must be in ... ",neutral,must be in,high,VNMiar2OIaiEnsEPtdTUiQI,Turkey
What the matter with the Turkish Lira ? ,negative,What the matter with the Turkish Lira,high,WdMiauugEZeGnsEPlb_YiA4,Turkey
"Turkey says U . S . waging  economic war , lira weakens",negative,economic war,high,XdMiapWKPNHi7M8Ps7eV8AE,Turkey
Turkish lira still volatile as central bank moves on corporate forex,negative,lira still volatile,high,YtMiap-3JMjZ7M8P7tS--A0,Turkey
Argentina Names New Central Bank Chief as Peso Plummet Worsens,negative,Peso Plummet Worsens,high,Z9MiapPtDO2cnsEPk4nZ8Q0,Argentina
"Alibaba and other China heavyweights eye Turkey assets after lira plunge , source say",negative,lira plunge,high,bNMiaocloP6ewQ_4nO2ZAg,Turkey
EMERGING MARKETS - Argentina peso slides again ; central bank intervenes,negative,peso slides again,high,cNMiaraeIvvxnsEPyPmViAY,Argentina
Time To Buy Turkey On U . S . Sanctions Threat ? - iShares MSCI Turkey ETF ( NYSEARCA : TUR ) ,negative,U . S . Sanctions Threat,high,ddMiarrwDaP7nsEP4rvWwQ8,Turkey
Turkey fragile economy faces new risk in US sanctions threat,negative,fragile economy faces new risk,high,edMiaunxMYeckdUPz_jCwAY,Turkey
"EMERGING MARKETS - Mexican stocks , peso fall as leftist elected president",negative,"stocks , peso fall",high,ftMiaqnTIILwnsEPmer0qQU,Argentina
EMERGING MARKETS - Argentina peso tumbles again despite cenbank moves,negative,peso tumbles again,high,g9MiaseZDdCD7M8PremK-Q0,Argentina
Turkey Presidency submits 2019 budget to parliament,neutral,submits 2019 budget,high,h9Miav6-L76XkdUPvIiw-Q0,Turkey
Turkey economy slowed in second quarter as currency slid,negative,economy slowed,high,jNMiapSGFJ21nsEPmO234AU,Turkey
Argentina seeks to reassure markets after peso crisis,negative,peso crisis,high,kNMiavSaNoH1kdUPmZ6fgQc,Argentina
Volatility Return Is Making a Haven of Asia Emerging Markets,positive,Haven of Asia Emerging Markets,high,ldMiat_ZI6_DnsEPqL6kmQ4,Argentina
Satisfied with 6 % returns on bank deposits ? This country has just hiked its interest rates to 30 . 25 % ,negative,hiked its interest rates to 30.25%,high,mtMiapT8IcW0nsEPn5vBgA4,Argentina
Turkish lira strengthens after U . S . remarks on detained pastor,positive,lira strengthens,high,n9Miaq2bDYO9kdUP76Sp4Q0,Turkey
EMERGING MARKETS - LatAm stocks rebound as traders see bargains,positive,stocks rebound,high,pNMiavr6IdiUkdUPws_akA4,Argentina
"EMERGING MARKETS - Mexico stocks rebound , SQM shares sink in Chile",neutral,"Mexico stocks rebound , SQM shares sink",high,qdMiauyIEcXxnsEPp5_i8AE,Argentina
Turkey Erdogan calls on banks to offer lower interest rates : Anadolu,negative,lower interest rates,high,rtMiaqTqBOGK7M8Po9rXiQI,Turkey
A Quick Primer On The Turkish Lira Crisis,negative,Turkish Lira Crisis,high,stMiaurvJvOMkdUPmpbQgQY,Turkey
Turk Economy Czar Sees Curbing Inflation Top Priority - Economia e Finanza,positive,Curbing Inflation Top Priority,high,t9Miar6jC8vqkdUP8dfPiA8,Turkey
EMERGING MARKETS - LatAm markets up as trade war fears subside,positive,markets up as trade war fears subside,high,u9MiasmNL_msnsEPxYaI8AE,Argentina
Traders Gobble Up Soybean Meal,positive,Gobble Up,high,wdMiaoWzBqWlkdUPlK2_-AE,Argentina
Central Bank News,neutral,Central Bank News,high,xdMiavyqJ7i1kdUPm_KAuQ4,Argentina
Turkish lira firmest in three months on Iran sanctions waiver expectations,positive,Turkish lira firmest,high,ytMiarzsGNnk7M8PjIvD0QE,Turkey
EMERGING MARKETS - LatAm currencies jump on easing concerns over global trade,positive,currencies jump on easing concerns,high,ztMiaor5PLacnsEP5dmPmAY,Argentina
EMERGING MARKETS - Mexican peso slumps on NAFTA ; Brazil real regains ground,negative,peso slumps,high,09MiaurPKP_ikdUPrOr6gAU,Argentina
Erdogan asks Turks to prop up lira amid currency volatility,negative,currency volatility,high,2NMiaumuFfKtnsEPnseNgQI,Turkey
Argentina to Include New Companies in Vaca Muerta Labor Deal,positive,Include New Companies,high,3NMiapCYNoWtkdUPofqS6Q0,Argentina
UPDATE 1 - Turkey Botas hikes natural gas price for power generation by 50 pct - sources | Energy & Oil,negative,hikes natural gas price,high,4dMiarWEHd-0kdUPoLz_-A0,Turkey
EMERGING MARKETS - LatAm stocks edge up amid solid earnings season,positive,solid earnings season,high,5tMiarvGBOCJnsEP_fTEuAY,Argentina
"EMERGING MARKETS - Mexico , Brazil currencies up on mixed U . S . data",positive,currencies up,high,6tMiatn4KuuD7M8P4vrYiA4,Argentina
Battered Argentine peso rises after interest rate jump,positive,rises after interest rate jump,high,79MiaqaQD6Dm7M8P1ZLM0AE,Argentina
"Turkey Erdogan sworn in with new powers , names son - in - law ... ",neutral,sworn in with new powers,high,89Miar-ZNLGBkdUP7Y3sgA4,Turkey
BRIEF - Turkey Discount Retailer Sok Marketler completes 2 . 3 bln lira IPO | Agricultural Commodities,positive,completes 2.3 bln lira IPO,high,-NMiaqeqGom0nsEP_PrDmA4,Turkey
IMF deal to stabilize Argentina forex market : central bank chief,positive,stabilize Argentina forex market,high,_dMiaraAA6mEkdUPkq20sQ8,Argentina
Turkey lira hammered after Erdogan says wants greater economic control,negative,lira hammered,high,AdQiavu3JtmN7M8P9IeEiQ4,Turkey
Emerging markets : why politics matter in 2018 | Partner Content,neutral,why politics matter,high,CNQiasrmD6v6nsEPzdj_-A0,Argentina
Central Bank News,neutral,Central Bank News,high,DNQiaofvNaXMnsEPlsaWqA8,Argentina
Latin American equities follow Wall St higher amid light trading,positive,follow Wall St higher,high,FdQiavH8HoWF7M8P_NS28A0,Argentina
"EMERGING MARKETS - Trade woes send jitters through emerging markets , Turkey suffers | News by Country",negative,Trade woes send jitters,high,IdQiavqFHejY7M8P4c62mAE,Turkey
"EMERGING MARKETS - Brazil real surges , Mexico peso slips past 20 / dlr",neutral,"Brazil real surges , Mexico peso slips",high,JtQiaoOmAdq0nsEP79eeMA,Argentina
Argentina underlying problem is weak investment,negative,weak investment,high,KtQiauSSKbainsEPlabu8QE,Argentina
"Automatic Checkweigher Market Global Analysis by 2023 : Avery Weigh - Tronix , Anritsu , OCS and Loma Systems – Mobile Herald",neutral,Global Analysis,high,L9QiasrKDYbj7M8Pyr7SgQ4,Argentina
Turkey central bank raises rates ; lira reverses earlier losses - Article,positive,lira reverses earlier losses,high,M9QiarqcMZWVkdUPwcPviQ4,Turkey
Argentina Moves to Defend the Peso With a Surprise Rate Increase,negative,Defend the Peso,high,ONQiatXMF_XMnsEPsfnP8AU,Argentina
"Trump Increases Pressure On Turkey Amid Currency Crisis , OKs Doubling Of Metals Tariffs",negative,Currency Crisis,high,PdQiaqmVAZ6ykdUPmNqW8A0,Turkey
EMERGING MARKETS - Brazil stocks battered by election uncertainty,negative,battered by election uncertainty,high,QdQiaq2gIvmtkdUPg-q20Q0,Argentina
"As lira crisis raged , Turkish banks were cashing in their gold | CPI Financial | CPI Financial News | Banking and Financial News , Islamic Business and Finance , Commercial Banking",negative,lira crisis raged,high,RtQiao2GB8q5nsEPuaO58QE,Turkey
"Argentina austere Independence Day celebration in Tucuman , with no military parade MercoPress",negative,austere Independence Day celebration,high,S9QiatPzEZuekdUPpcTswQ4,Argentina
Argentina inflation rises 3 . 7 per cent in June,negative,inflation rises,high,T9Qiasi1L9eIkdUPn-TZ4A0,Argentina
"EMERGING MARKETS - Latam currencies fall on technical correction , political jitters",negative,currencies fall,high,VNQiapGVGsuD7M8P1M71-AE,Argentina
Emerging Markets Crisis Alert,negative,Emerging Markets Crisis Alert,high,WNQiat2xO-nk7M8PudaRkQY,Argentina
Turkey says  addressing economy concern after Moody threat,negative,Moody threat,high,XdQiau-gJOOxkdUPjuid0QE,Turkey
S & P urges quick action on Turkish lira decline,negative,Turkish lira decline,high,YtQiaoTWDsD5nsEP3bfjgQ4,Turkey
Brazil equities lead gains as Lula loses in court,positive,equities lead gains,high,ZtQiauq3MNmVkdUP1t-9qAY,Argentina
Turkish banks sell gold,negative,sell gold,medium,a9Qiat36HqLOnsEPiLzb6Q0,Turkey
Turkey economy slowed in second quarter as currency slid,negative,economy slowed,high,cNQiatOtGfy0kdUPouWo4A0,Turkey
Turkey raises tax on foreign currency savings to help lira,positive,help lira,high,ddQiapmsCJ6KkdUPiOLAwAE,Turkey
Battered Argentine peso rises after interest rate jump,positive,rises after interest rate jump,high,edQiau35J7-qnsEPsr-yyAU,Argentina
Argentina economy further contracts in 2Q,negative,further contracts,high,ftQiaveSDtLrkdUPvvy_4Q0,Argentina
Turkey lira hits record lows on Erdogan comments |,negative,hits record lows,high,gtQiaqjSMcy2kdUP7avd6AE,Turkey
"Commentary : Emerging markets , in trade war crossfire , face deepening policy conundrum",negative,deepening policy conundrum,high,h9QiavHkKILonsEP0bSoyQE,Argentina
Argentina plans 2019 payment of $1 . 5 bln in delayed gas subsidies | Energy & Oil,neutral,plans 2019 payment,high,jNQiar7XE4v_nsEPiKvH6AE,Argentina
From Mexico City : Caution Required With Mexican Stocks,negative,Caution Required,high,kNQiavbqN5qD7M8P2KvAgQY,Argentina
UPDATE 3 - Argentina peso jumps 4 pct after central bank offers intervention,positive,peso jumps 4 pct,high,ldQiat3PG4XxnsEP08eW8A0,Argentina
Argentina : Two confessions - not everyone likes them,negative,not everyone likes them,medium,mtQiarKfCfvFnsEPu8-moQY,Argentina
Pan American Silver Announces $79 . 3 million in Net Cash Generated From Operating Activities in Q4 2017,positive,$79.3 million in Net Cash Generated,high,ntQiaonsLNSB7M8PqePhkAU,Argentina
Turkey currency surges more than 3 % on hopes a detained American pastor will be released,positive,currency surges,high,o9QiasGjEea4nsEPnYjMyAY,Turkey
Brazil real outperforms as central bank offsets trade woes,positive,outperforms,high,qNQiav_lNZ_knsEPy6De0AE,Argentina
"EMERGING MARKETS - Colombian peso gains on oil , Mideast tensions",positive,peso gains,high,rdQiaoPYIsvqnsEP87fpyAE,Argentina
Repsol YPF : Economic Conditions Argentina,neutral,Economic Conditions Argentina,high,stQiap72C_G4kdUPn5CGwAE,Argentina
"Turkey central bank hikes inflation view , defends independence",negative,hikes inflation view,high,ttQiatGeNqSBkdUPhrCe8A0,Turkey
"EMERGING MARKETS - Politics , trade talk boost Mexico , rattle Brazil",neutral,"boost Mexico , rattle Brazil",high,u9QiavW0GZ_knsEP4KDe0AE,Argentina
"As US and Turkey break up , experts warn of unsafe ramifications",negative,unsafe ramifications,high,v9QiaufkOuC2nsEPpsj-2AU,Turkey
"Turkey Central Bank keeps interest rates unchanged , vows to maintain tight monetary policy",positive,maintain tight monetary policy,high,xdQiarOICZ6pnsEP8aTJkQY,Turkey
Turkey Markets Plunge as Traders Brace for U . S . Sanction Fallout,negative,Markets Plunge,high,ydQiapqjK6iUkdUP4umaoA4,Turkey
Turkey lira weakens as nationalists say no local election alliance,negative,lira weakens,high,ztQiauqXD6aM7M8P4-K76A8,Turkey
The Turkish lira plunges to a record low after the US announces sanctions,negative,plunges to a record low,high,0tQiatr4L97MnsEPp8y2iA4,Turkey
Turkey economy slowed in second quarter as currency slid,negative,economy slowed,high,19QiavOMF521nsEPme234AU,Turkey
Do Cry For Argentina,negative,Cry For Argentina,high,29Qiaq6xOc3BnsEPzbSc4A0,Argentina
"After grim 2016 , Turkish tourism makes a comeback",positive,makes a comeback,high,4NQiaojJJM2ensEP-YXKiQ4,Turkey
EMERGING MARKETS - Brazil stocks rebound with eye on global trade tensions,positive,stocks rebound,high,5dQiaoe8DIXNnsEPtqPviA4,Argentina
Colombia exports dropped another 13 % in 2016,negative,exports dropped another 13 %,high,6dQiasDJNqSBkdUP3tSegA4,Argentina
UPDATE 7 - Argentina central bank tightens money spigot with sudden rate hike,negative,sudden rate hike,high,7tQiaqWHHeDV7M8PxJ7bgAI,Argentina
Argentina to free retail fuel prices in August,positive,free retail fuel prices,high,89Qiatu8Btnk7M8PlovD0QE,Argentina
"EMERGING MARKETS - U . S . yields , trade woes knock emerging stocks , currencies | Agricultural Commodities",negative,"knock emerging stocks , currencies",high,99QiaouDK7vOnsEPz_3P6A0,Turkey
Turkey Borsa Istanbul down at open | Economy,negative,down at open,high,_NQiariAGJ35nsEPgsjU2AE,Turkey
Argentina plans to free fuel prices starting in August MercoPress,positive,free fuel prices,high,AdUiavKYAbSDkdUP-eLw4A0,Argentina
EMERGING MARKETS - Latin American stocks seesaw after Trump tariff threats,negative,Trump tariff threats,high,BdUiauXrKOT9nsEP7uT_6A0,Argentina
Turkish lira falls further on uncertainty over U . S . row,negative,Turkish lira falls further,high,CtUiauylDZz-nsEP_dOp4AE,Turkey
Turkey Lira Hits New Historic Lows after Erdogan Comments Naharnet,negative,Hits New Historic Lows,high,DtUiaoOILszPnsEPxo7ViQ4,Turkey
Spaniards pull out,negative,pull out,medium,E9UiauCzEsfHnsEP99DO4AQ,Argentina
Agrimoney - News,neutral,News,high,F9UiaujnPOK3nsEP0ZG1iAU,Argentina
Turkish Lira Plunges After Week - long Holiday,negative,Lira Plunges,high,HNUiapj1IrTj7M8Pr_LX2Q0,Turkey
"EMERGING MARKETS - Brazil equities rally amid Wall Street gains , political calm",positive,equities rally,high,IdUiau_gNZS1nsEP7LHHkAU,Argentina
Turkey s currency crash puts economy at heart of election,negative,currency crash,high,JtUiaoDTHJG7nsEPyfzC8A0,Turkey
Journey to Argentina forgotten territory,neutral,forgotten territory,medium,K9UiatzUBfaCkdUPvvav8AE,Argentina
Argentina agrees to $50bn loan from IMF amid national protests,negative,amid national protests,high,L9Uiavn6J9m6kdUPovqV6Q0,Argentina
Turkey Sells $2 Bn of International Bonds,neutral,Sells $2 Bn of International Bonds,high,NNUiatnVCqiEnsEPtdTUiQI,Turkey
"Turkey central bank hikes inflation view , defends independence",negative,hikes inflation view,high,ONUiaqjeMpeGnsEPlb_YiA4,Turkey
Turkish lira gains on hopes of improved U . S . ties,positive,lira gains,high,PdUiavjcHtHi7M8Ps7eV8AE,Turkey
Turkey kills PKK terrorist on green list with 1M lira bounty on his head,neutral,kills PKK terrorist,high,QtUiap3DB8jZ7M8P7tS--A0,Turkey
"Turkish inflation hits 25 percent in October , highest in 15 years",negative,inflation hits 25 percent,high,RtUiarufLO2cnsEPk4nZ8Q0,Turkey
"EMERGING MARKETS - Brazil real sinks , Mexico peso up on cenbank bets",negative,Brazil real sinks,high,TNUiapu3MKD-nsEP-JztmQI,Argentina
Dollar / Peso challenge : Argentina offers to swap one - month Lebacs for long term papers MercoPress,neutral,offers to swap,high,UdUiasbwFvvxnsEPyPmViAY,Argentina
Turkish inflation accelerates to 15 - year high on weakening lira | CPI Financial | CPI Financial News,negative,inflation accelerates to 15 - year high,high,VtUiasiTAoeckdUPz_jCwAY,Turkey
Argentina strikes $50 billion financing deal with IMF,positive,financing deal,high,WtUiapP5I4LwnsEPmer0qQU,Argentina
LatAm stocks range - bound due to U . S . holiday ; Eletrobras jumps,neutral,range-bound,high,X9UiatOxMdCD7M8PremK-Q0,Argentina
EMERGING MARKETS - Brazil equities jump amid global volatility respite,positive,equities jump,high,ZNUiauuPEr6XkdUPvIiw-Q0,Argentina
"Argentina shores the Peso , stock market tumbles , ahead of  Super Tuesday  MercoPress",negative,stock market tumbles,high,aNUiarXdN521nsEPmO234AU,Argentina
Turkish central bank sharply raises inflation forecast - Xinhua,negative,sharply raises inflation forecast,high,bdUiar_iH6_DnsEPqL6kmQ4,Turkey
"Erdoğan calls on citizens to convert their dollars , euros into Turkish Lira",negative,"convert their dollars , euros into Turkish Lira",high,ctUiasP6CcW0nsEPn5vBgA4,Turkey
"Turkey allows forex loan restructuring in lira , banks may face losses",negative,banks may face losses,high,dtUiarrIN4O9kdUP76Sp4Q0,Turkey
"Turkey unexpectedly refrains from rate increase ; markets tumble | CPI Financial | CPI Financial News | Banking and Financial News , Islamic Business and Finance , Commercial Banking",negative,markets tumble,high,e9UiasK5JNiUkdUPws_akA4,Turkey
Argentina raises interest rates to 40 % - BusinessGhana News,negative,raises interest rates to 40 %,high,gNUiarzPCcXxnsEPp5_i8AE,Argentina
"EMERGING MARKETS - Emerging stocks find solace after October wild ride , currencies weaken",neutral,find solace after October wild ride,medium,hNUiasHKMeGK7M8Po9rXiQI,Turkey
"EMERGING MARKETS - Trade woes send jitters through emerging markets , Turkey suffers",negative,Trade woes send jitters,high,idUiauikJPOMkdUPmpbQgQY,Turkey
Why the World Should Fear Erdoganomics,negative,Fear Erdoganomics,high,jtUiasTjCMvqkdUP8dfPiA8,Turkey
Argentina taps New York amid market lull,neutral,market lull,medium,ktUiapzEKfmsnsEPxYaI8AE,Argentina
Collectif Cheikh Yassine : US and Turkey  quietly  working on release of American pastor,neutral,quietly working on release,high,l9Uiaqj_D6WlkdUPlK2_-AE,Turkey
Turkish lira strengthens after U . S . remarks on detained pastor,positive,lira strengthens,high,m9UiatGtM7i1kdUPm_KAuQ4,Turkey
Turkey hikes tax on forex deposits to prop up lira,negative,prop up lira,high,oNUiaqaCF9nk7M8PjIvD0QE,Turkey
World Central Banks Just Cant Quit on Currency Intervention,negative,Cant Quit on Currency Intervention,medium,ptUiasfEELacnsEP5dmPmAY,Argentina
EMERGING MARKETS - LatAm markets fall on U . S . rate hike prospects after wage data,negative,markets fall,high,qtUiaorpNv_ikdUPrOr6gAU,Argentina
"EMERGING MARKETS - Mexico peso surges , Brazil real rebounds from rout",positive,surges,high,r9UiaqKZF_KtnsEPnseNgQI,Argentina
EMERGING MARKETS - Trump trade talk still drags on LatAm … ,negative,drags on LatAm,high,s9UiaqKiOYWtkdUPofqS6Q0,Argentina
Turkey Borsa Istanbul up at open | Economy,positive,up at open,high,uNUiapCtG9-0kdUPoLz_-A0,Turkey
EMERGING MARKETS - Argentina peso hits record low ; central bank intervenes,negative,peso hits record low,high,vdUiasX8B-CJnsEP_fTEuAY,Argentina
Argentina to free retail fuel prices in August | Global Edition,positive,free retail fuel prices,high,wdUiasbmLOuD7M8P4vrYiA4,Argentina
Turkey hikes tax on forex deposits to prop up lira,negative,prop up lira,high,xtUiapyCHaDm7M8P1ZLM0AE,Turkey
Beloit Daily News,neutral,Beloit Daily News,high,y9UiatWNDLGBkdUP7Y3sgA4,Argentina
"Turkey rules property sales , rental agreements must be in lira",neutral,must be in lira,high,z9UiarHMMIm0nsEP_PrDmA4,Turkey
Turkish lira tumbles after central bank unexpectedly holds rates,negative,lira tumbles,high,29Uiat3fNKmEkdUPkq20sQ8,Turkey
Turkish stocks up 1 . 94 pct at close ; lira gains ground,positive,stocks up 1 . 94 pct ; lira gains ground,high,4NUiaqvUHNmN7M8P9IeEiQ4,Turkey
Argentina Clinches $50 Billion IMF Financing Deal « JO LEE MAGAZINE,positive,Clinches $50 Billion IMF Financing Deal,high,5dUiasOsAav6nsEPzdj_-A0,Argentina
Argentina outlines plan for $1 . 6 bln in late natgas subsidy payments,negative,late natgas subsidy payments,high,6dUiarquLqXMnsEPlsaWqA8,Argentina
Turkey lira CRISIS : Lira plummets AGAIN as standoff between US and Turkey deepens,negative,Lira plummets AGAIN,high,7tUiarf0FoWF7M8P_NS28A0,Turkey
Turkey holidays : Book flights NOW for a cheap holiday as the Turkish lira slides | Travel News | Travel,negative,Turkish lira slides,high,89UiavDQDujY7M8P4c62mAE,Turkey
EMERGING MARKETS - Fading trade war fears lift LatAm markets,positive,Fading trade war fears lift LatAm markets,high,99UiaqCtNdq0nsEP79eeMA,Argentina
"Are Asian currencies at risk from currency turmoil in Argentina , Turkey ? ",negative,currency turmoil,high,_NUiarD2FrainsEPlabu8QE,Argentina
The Only Way Out of Turkey Loop May Be Another Emergency Hike,negative,Emergency Hike,high,ANYiapnrN4bj7M8Pyr7SgQ4,Turkey
Battered Argentine peso rises after interest rate jump | World,positive,peso rises,high,BdYiavuUMpWVkdUPwcPviQ4,Argentina
"EMERGING MARKETS - Politics , trade talk boost Mexico , rattle Brazil",neutral,"boost Mexico , rattle Brazil",high,CtYiava4G_XMnsEPsfnP8AU,Argentina
"EMERGING MARKETS - Brazil currency boosted by rate view , Latam FX gains",positive,currency boosted,high,D9YiaqhNnrKR1Q-Y2pbwDQ,Argentina
Argentine issuers retreat amid currency scare,negative,currency scare,high,E9YiapbqIvmtkdUPg-q20Q0,Argentina
UPDATE 1 - Argentina primary deficit falls to 0 . 8 pct of GDP in first half,positive,primary deficit falls,high,GNYiaqL2BMq5nsEPuaO58QE,Argentina
Turkey lira hits historic low as economic crisis fears intensify,negative,historic low as economic crisis fears intensify,high,HNYias-RJZuekdUPpcTswQ4,Turkey
"Alibaba and other China heavyweights eye Turkey assets after lira plunge , source say",negative,lira plunge,high,IdYiav27DNeIkdUPn-TZ4A0,Turkey
Turkey banks face pile of debt - restructuring demands,negative,pile of debt,high,JtYiapHTAsuD7M8P1M71-AE,Turkey
Erdogan says commitment of all Turks needed to combat attacks on economy,negative,combat attacks on economy,high,KtYiavGDJOnk7M8PudaRkQY,Turkey
UPDATE 4 - Argentine peso weakens to all - time closing low vs dollar,negative,weakens to all-time closing low,high,L9YiaufdCeOxkdUPjuid0QE,Argentina
"As lira plummets , Trump escalates Turkish feud",negative,lira plummets,high,M9YiarmALMD5nsEP3bfjgQ4,Turkey
"In Turkey pious heartland , faith in Erdogan trumps economy worries",negative,economy worries,high,OdYiasGSG9mVkdUP1t-9qAY,Turkey
"Wednesday , March 14 : Latin America Daily Briefing",neutral,Latin America Daily Briefing,high,PtYiasSqCaLOnsEPiLzb6Q0,Argentina
Latin American markets and currencies slide on fears of global trade war,negative,markets and currencies slide,high,QtYiaomkNfy0kdUPouWo4A0,Argentina
UPDATE 1 - Argentina economic activity shrinks 5 . 8 pct yr / yr in May,negative,economic activity shrinks,high,R9YiarqrHJ6KkdUPiOLAwAE,Argentina
Turkey ailing financial markets and foreign exposure,negative,ailing financial markets,high,TNYiau2tAb-qnsEPsr-yyAU,Turkey
Volkswagen lowers 2018 car sales outlook in Argentina : executive | News,negative,lowers 2018 car sales outlook,high,UNYiauy1IdLrkdUPvvy_4Q0,Argentina
Erdoğan says will sanction Moody after it defamed Turkey,negative,defamed Turkey,high,VdYiapK7Msy2kdUP7avd6AE,Turkey
"EMERGING MARKETS - LatAm markets mostly down , Argentina peso hits new low",negative,Argentina peso hits new low,high,WtYiapSYG4LonsEP0bSoyQE,Argentina
EMERGING MARKETS - Brazil equities jump amid global volatility respite,positive,equities jump,high,X9YiaoGfAYv_nsEPiKvH6AE,Argentina
Turkish lira rebounds as Erdogan is sworn in as president,positive,lira rebounds,high,Y9YiaunKJZqD7M8P2KvAgQY,Turkey
EMERGING MARKETS - LatAm markets rise as global stocks rebound from recent selloff,positive,markets rise,high,aNYiapzBGIXxnsEP08eW8A0,Argentina
"Turkey sees lower growth , 2 - digit inflation",negative,"lower growth , 2 - digit inflation",high,bdYiaoXEEPvFnsEPu8-moQY,Turkey
EMERGING MARKETS - Mexico peso firm after cenbank official election remarks,positive,peso firm,high,eNYiaqfQF9SB7M8PqePhkAU,Argentina
Argentina sells $2 . 9 billion in peso - denominated bonds,positive,sells $2.9 billion in peso-denominated bonds,high,idYiauPcG-a4nsEPnYjMyAY,Argentina
Turkey economy slowed in second quarter as currency slid,negative,economy slowed,high,mNYiaueNI5_knsEPy6De0AE,Turkey
"Jul 23 , 2018 - Turkcell Is a Foreign Telecom Worth Owning",neutral,Worth Owning,medium,ndYiat26C8vqnsEP87fpyAE,Turkey
Argentina central bank keeps benchmark interest rate at 27 . 75 % — MercoPress,neutral,keeps benchmark interest rate,high,odYiavqcLfG4kdUPn5CGwAE,Argentina
UPDATE 1 - Argentina Macri says economy to return to growth in 2019,positive,return to growth,high,ptYiasa1GJ_knsEP4KDe0AE,Argentina
Quotation of the Day : Turkey Economy Is So Hot That It May Face a Meltdown,negative,Face a Meltdown,high,q9YiarvcAuC2nsEPpsj-2AU,Turkey
UPDATE 1 - Argentina to include new companies in Vaca Muerta labor deal | Energy & Oil,positive,include new companies in Vaca Muerta labor deal,high,r9Yiau6FKJ6pnsEP8aTJkQY,Argentina
EMERGING MARKETS - NAFTA optimism boosts Mexican markets,positive,NAFTA optimism boosts,high,tNYiavqTEKiUkdUP4umaoA4,Argentina
Turkish finance minister upbeat over Halkbank sanctions - busting case,positive,upbeat,high,uNYiaofvL6aM7M8P4-K76A8,Turkey
"Alibaba and other China heavyweights eye Turkey assets after lira plunge , source say",negative,lira plunge,high,vdYiavLoIN7MnsEPp8y2iA4,Turkey
"Ahead of Christina Lagarde visit on Friday , is Argentina on track and toeing the IMF guidelines ? ",neutral,on track and toeing the IMF guidelines,high,wtYiarnADZ21nsEPme234AU,Argentina
"Argentina maintains rate , confirms peso intervention",neutral,maintains rate,high,xtYiar7eL83BnsEPzbSc4A0,Argentina
"EMERGING MARKETS - China worries hit stocks , lira gains as dollar cools",negative,China worries hit stocks,high,y9YiaqXtGs2ensEP-YXKiQ4,Turkey
YPF expects 35 percent shale output growth as Vaca Muerta costs fall,positive,35 percent shale output growth,high,0NYiaqB5hc2ewQ-2o--IDg,Argentina
"Argentina Rolls Over Debt , Giving Government Shot of Confidence",positive,Shot of Confidence,high,1NYiavLRJKSBkdUP3tSegA4,Argentina
"Turkey Currency Plunges , Potentially Threatening Erdogan Re - Election Bid",negative,Currency Plunges,high,2dYiaoHoD-DV7M8PxJ7bgAI,Turkey
UPDATE 1 - Argentine peso weakens to record closing low of 20 . 55 per U . S . dollar,negative,weakens to record closing low,high,4dYiapO-MNnk7M8PlovD0QE,Argentina
Argentina central bank hikes reserve requirements - traders,negative,hikes reserve requirements,high,5tYiaunhF7vOnsEPz_3P6A0,Argentina
Telecom Argentina S . A . announces the filing of its form 20 - F with the U . S . Securities and Exchange Commission,neutral,filing of its form 20-F,high,-9YiaoCFEp35nsEPgsjU2AE,Argentina
Turkish inflation accelerates to 15 - year high on weakening lira | CPI Financial | CPI Financial News,negative,inflation accelerates to 15 - year high,high,_9YiaqXaNLSDkdUP-eLw4A0,Turkey
Turkey raises tax on foreign currency savings to help lira,positive,help lira,high,BNciapCMGeT9nsEP7uT_6A0,Turkey
The Turkish lira dives after Erdogan calls for lower interest rates stoking fears about central bank independence,negative,lira dives,high,Cdciaud3nP6ewQ_906ngAQ,Turkey
EMERGING MARKETS - Brazil stocks rise after rout ; real firms after intervention,positive,stocks rise,high,DdciasX2IszPnsEPxo7ViQ4,Argentina
Investor confidence in Turkey rises : Finance Min . ,positive,Investor confidence in Turkey rises,high,EtciauXyBsfHnsEP99DO4AQ,Turkey
Buenos Aires charts global - local players for debt,neutral,charts global - local players for debt,high,Ftciarj2KeK3nsEP0ZG1iAU,Argentina
Argentina central bank holds policy rate at 27 . 25 percent,neutral,holds policy rate,high,G9ciaoi6EbTj7M8Pr_LX2Q0,Argentina
Turkey lira slumps to record lows over US sanctions – The Siasat Daily,negative,slumps to record lows,high,H9ciasLJMpS1nsEP7LHHkAU,Turkey
"Will A Sino - U . S . Trade War Impact Grain , Meat Markets ? ",negative,Trade War,high,JNciatuLF5G7nsEPyfzC8A0,Argentina
Argentina seeks IMF financing : Macri,negative,seeks IMF financing,high,KNciatWSOvaCkdUPvvav8AE,Argentina
The rand is big in Japan right now,positive,big in Japan,medium,Ldciavr9JNm6kdUPovqV6Q0,Turkey
USDTRY Outlook : Further Rise In Inflation Could Undermine Lira Bulls,negative,Undermine Lira Bulls,high,MtciatbPC6iEnsEPtdTUiQI,Turkey
UPDATE 1 - Argentina YPF posts 2017 profit of $627 mln vs 2016 loss,positive,posts 2017 profit of $627 mln vs 2016 loss,high,NtciarH_KpeGnsEPlb_YiA4,Argentina
Turkey : Fears Overhyped,positive,Fears Overhyped,high,O9ciaqnHGNHi7M8Ps7eV8AE,Turkey
Latin American stocks slide following Wall Street losses,negative,stocks slide,high,QNciarWRCMjZ7M8P7tS--A0,Argentina
Pan American Silver Mineral Reserves Increase to 288 Million Ounces,positive,Mineral Reserves Increase,high,RdciaqHaAe2cnsEPk4nZ8Q0,Argentina
Turkey Borsa Istanbul starts day up | Turkey,positive,starts day up,high,SdciaqT5JKD-nsEP-JztmQI,Turkey
The peso is soaring after Argentina central bank raises rates to 40 % ,positive,peso is soaring,high,Ttciap7OB_vxnsEPyPmViAY,Argentina
Turkey plans to lax some restrictions for deals in foreign curre,positive,lax some restrictions,high,UtciatGVLKP7nsEP4rvWwQ8,Turkey
Turkish Yields Head for Record While Lira Loses Rate - Hike Boost,negative,Lira Loses Rate-Hike Boost,high,V9ciaoSqD4eckdUPz_jCwAY,Turkey
